{"detections": [{"leftCorner": [221, 249], "rightCorner": [287, 224], "score": "100", "width": 70.57619995437555}], "figurePath": "processed_imgs/IMG20220516091651.jpeg", "numDetections": 1, "timestamp": 1654243905.0047944}